,,,,,
,NOMBRE,REFERENCIA,CANTIDAD ,PRECIO,IMAGEN
,SUCCIONADOR PENE MANUAL ,HL14073,PACA X50 PCS,$52.000,HL14073.png
,SUCCIONADOR DE PENE PUMP,HL7286,PACA X65 PCS,$34.000,HL7286.png
,SUCCIONADOR PARA MUJER,HL13990,***,$40.000,HL13990.png
,LENGUA VIBRADORA RECARGABLE ,HL13997,PACA X150 PCS,$28.000,HL13997.png
,BOLAS ESTIMULADORAS X3,HL7280,PACA X100 PCS,$9.600,HL7280.png
,VIBRADOR CORTO CURVO ,C49100,PACA X100 PCS,$18.500,C49100.png
,VIBRADOR SILICONA RECARGABLE CONTROL,HL14196,PACA X50 PCS,$57.600,HL14196.png
,VIBRADOR TRASLUCIDO,HL11443,PACA X100 PCS,$14.400,HL11443.png
,VIBRADOR ANAL ESCORPION BALA,HL14233,PACA X200 PCS,$16.800,HL14233.png
,VIBRADOR ANTENA HUEVO,HL-4471 (C23009),PACA X200 PCS,$6.400,HL-4471 (C23009).png
,VIBRADOR 2 EN 1 SUCCIONA PUNTO G ,HL14117,***,$69.600,HL14117.png
,VIBRADOR HUEVO LENGUA RECARGABLE,HL14145,PACA X150 PCS,$34.400,HL14145.png
,VIBRADOR BATERIA,AFY818,PACA X300 PCS,$9.200,AFY818.png
,VIBRADOR PUNTO G,HL14139,PACA X200 PCS,$10.400,HL14139.png
,VIBRADOR DELUXE SILICONA G-SPOT,HL14014,PACA X300 PCS,$16.800,HL14014.png
,VIBRADOR CURVO TRANSPARENTE,HL7277,PACA X100 PCS,$27.600,HL7277.png
,VIBRADOR BALA METAL,HL11458,***,$7.400,HL11458.png
,FUNDA PENE VIBRADORA,HL8077,***,$13.000,HL8077.png
,CONSOLADOR SCORPION CHUPA,HL14001,PACA X100 PCS,$13.500,HL14001.png
,ENGROSADOR DE PENE (MR BIGGER) 8ML,66739/124,***,$3.800,66739/124.png
,ENGROSADOR PENE TRATAMIENTO 50ML,604,***,$18.000,604.png
,CREMA RETARDANTE 60ML,HL14089,PACA X400 PCS,$5.600,HL14089.png
,CREMA RETARDANTE VIGA (SEX),HL14093,PACA X400 PCS,$5.600,HL14093.png
,CREMA RETARDANTE DRAGON VIGA XXXL 15ML,HL14097,PACA X960 PCS,$4.000,HL14097.png
,CREMA RETARDANTE 15ML VIGA XXXXL,HL14096,PACA X960 PCS,$4.200,HL14096.png
,ACEITE SENSUAL PIÑA COLADA X100ML,*014042,***,$10.400,*014042.png
,ACEITE SENSUAL COCO X100ML,*014032,***,$10.400,*014032.png
,ACEITE SENSUAL RON CON PASAS X100ML,*014052,***,$10.400,*014052.png
,ACEITE SENSUAL COCO X25ML,*014031,***,$4.500,*014031.png
,ACEITE SENSUAL VAINILLA X25ML,*014061,***,$4.500,*014061.png
,PUNTO G EXITANTE GOTAS 5ML,6747/132,***,$3.800,6747/132.png
,MULTIORGASMO SALVAJE GOTERO 10ML,CS162,***,$4.200,CS162.png
,"MULTIORGASMO SPRAY EUFORIA 3,5",6628/14,***,$5.000,6628/14.png
,MULTIORGASMO ECTASY + FEROMONA 5GM,MUL144/C56,***,$3.500,MUL144/C56.png
,MULTIORGASMO GOTERO 10ML,6674,***,$4.200,6674.png
,ORGASMO FRIO CREMA 5G + FEROMONA EUFORIA HENTAI,55,***,$3.500,55.png
,"ORGASMO DOBLE IMPACTO EUFORIA 3,5ML",855/169,***,$5.000,855/169.png
,CAPSULAS EL TORO ULTRA C/U,172-,***,$1.800,172-.png
,"LUBRICANTE VAGINAL EUFORIA SPRAY 3,5ML",66635/25,***,$5.000,66635/25.png
,LUBRICANTE TOKO SILICONA AROMA 20ML,48146/74,***,$5.300,48146/74.png
,LUBRICANTE VAGINAL TOKO CUM X20ML,66741,***,$6.000,66741.png
,LUBRICANTE VAGINAL TOKO SILICONA 20ML,6679,***,$5.300,6679.png
,"ESTRECHANTE EUFORIA SPRAY 3,5ML",1236D/15,***,$5.000,1236D/15.png
,ESTRECHANTE CREMA NEON POWER 5G,177,***,$4.200,177.png
,CREMA RETARDANTE (SEX),HL14094,***,$5.600,HL14094.png
,CREMA DOBLE IMPACTO EUFORIA 5G,6836,***,$4.200,6836.png
,CREMA ANAL STAR WHITE 15ML,CS82,***,$5.300,CS82.png
,CREMA ANAL EUFORIA 5GM,6630/20,***,$4.200,6630/20.png
,ANAL CREMA NEON POWER 5G,178-,***,$4.200,178-.png
,RETARDANTE + FEROMONA 5GR (GOAT),CR-587,***,$3.500,CR-587.png
,RETARDANTE CREMA NEON POWER 5G,179-,***,$4.200,179-.png
,RETARDANTE RETARDEX ULTRA 5G,187-,***,$3.500,187-.png
,RETARDANTE RINO AZUL 3.5ML SPRAY ,186,***,$5.000,186.png
,"RETARDANTE SPRAY STUD 100 3,5ML",STUD100/28,***,$5.000,STUD100/28.png
,RETARDANTE SPRAY EUFORIA 10ML,6623,***,$9.500,6623.png
,"RETARDANTE SPRAY CABALLO BLANCO 3,5ML",35ML-/27,***,$5.000,35ML-/27.png
,"RETARDANTE SPRAY EUFORIA 3,5ML",6627,***,$5.000,6627.png
,RETARDANTE RINO DORADO CREMA BLISTER 8GM,CS38/38,***,$4.500,CS38/38.png
,BRILLO LABIAL EXITANTE,66850/166,***,$5.300,66850/166.png
,LOCION FEROMONAS LUJO HOMBRE SPRAY 15ML,66885,***,$6.500,66885.png
,LOCION FEROMONA SPRAY DAMA X20ML,6707/96,***,$8.300,6707/96.png
,LOCION LUJO SPRAY ESTUCHE MUJER 15ML,100-,***,$7.500,100-.png
,FEROMONA PURA ROLLON MUJER 15ML,66705,***,$7.500,66705.png
,JUEGO DE CARTAS ADULTO,JCA369,***,$750,JCA369.png
,KIT PAREJA SECRETOS 5GM X3 ,TR23,***,$7.200,TR23.png
,TRIO EUFORIA 5GR (MULTIO-ANAL-RETARDANTE),6632/22,***,$7.200,6632/22.png
,GEL CORAZON COMESTIBLE 25ML + DADOS (LUXURY),CS111,***,$7.200,CS111.png
,GEL CALIENTE COMESTIBLE LUXURY 10ML,66713/104,***,$3.500,66713/104.png
,GEL CALIENTE COMESTIBLE SHUNGA 20ML,6723/112,***,$3.500,6723/112.png
,GEL FRIO COMESTIBLE SHUNGA 30ML,66726,***,$4.200,66726.png
,DRAGON RED RETARDANTE CREMA BLISTER 5GM,DR564,***,$3.500,DR564.png
,POTENCIADOR MERO MACHO X30ML,66834/134,***,$5.300,66834/134.png
,VELA AROMA CON FEROMONAS PARA MASAJES X100ML,6697/895,***,$6.500,6697/895.png
,ANILLO CONEJO /MY-885) IMPERFECTO,HL-12331,***,$2.000,HL-12331.png
,DADOS NEON X2,HG2,***,$2.500,HG2.png